Numero,1A,1B,1D,1E,1G,1I,1K,1L,Cadena
1,3E,3J,3I,3F,3H,3G,3L,3K,ABCD
2,3H,3G,3I,3D,3J,3F,3L,3K,ABCE
3,3E,3J,3I,3D,3H,3G,3L,3K,ABCF
4,3E,3J,3I,3D,3H,3F,3L,3K,ABCG
5,3E,3G,3I,3D,3J,3F,3L,3K,ABCH
6,3E,3G,3J,3D,3H,3F,3L,3K,ABCI
7,3E,3G,3I,3D,3H,3F,3L,3K,ABCJ
8,3E,3G,3J,3D,3H,3F,3L,3I,ABCK
9,3E,3G,3J,3D,3H,3F,3I,3K,ABCL
10,3H,3G,3I,3C,3J,3F,3L,3K,ABDE
11,3E,3J,3I,3C,3H,3G,3L,3K,ABDF
12,3E,3J,3I,3C,3H,3F,3L,3K,ABDG
13,3E,3G,3I,3C,3J,3F,3L,3K,ABDH
14,3E,3G,3J,3C,3H,3F,3L,3K,ABDI
15,3E,3G,3I,3C,3H,3F,3L,3K,ABDJ
16,3E,3G,3J,3C,3H,3F,3L,3I,ABDK
17,3E,3G,3J,3C,3H,3F,3I,3K,ABDL
18,3H,3G,3I,3C,3J,3D,3L,3K,ABEF
19,3C,3J,3I,3D,3H,3F,3L,3K,ABEG
20,3C,3G,3I,3D,3J,3F,3L,3K,ABEH
21,3C,3G,3J,3D,3H,3F,3L,3K,ABEI
22,3C,3G,3I,3D,3H,3F,3L,3K,ABEJ
23,3C,3G,3J,3D,3H,3F,3L,3I,ABEK
24,3C,3G,3J,3D,3H,3F,3I,3K,ABEL
25,3E,3J,3I,3C,3H,3D,3L,3K,ABFG
26,3E,3G,3I,3C,3J,3D,3L,3K,ABFH
27,3E,3G,3J,3C,3H,3D,3L,3K,ABFI
28,3E,3G,3I,3C,3H,3D,3L,3K,ABFJ
29,3E,3G,3J,3C,3H,3D,3L,3I,ABFK
30,3E,3G,3J,3C,3H,3D,3I,3K,ABFL
31,3C,3J,3E,3D,3I,3F,3L,3K,ABGH
32,3C,3J,3E,3D,3H,3F,3L,3K,ABGI
33,3C,3E,3I,3D,3H,3F,3L,3K,ABGJ
34,3C,3J,3E,3D,3H,3F,3L,3I,ABGK
35,3C,3J,3E,3D,3H,3F,3I,3K,ABGL
36,3C,3G,3E,3D,3J,3F,3L,3K,ABHI
37,3C,3G,3E,3D,3I,3F,3L,3K,ABHJ
38,3C,3G,3E,3D,3J,3F,3L,3I,ABHK
39,3C,3G,3E,3D,3J,3F,3I,3K,ABHL
40,3C,3G,3E,3D,3H,3F,3L,3K,ABIJ
41,3C,3G,3J,3D,3H,3F,3L,3E,ABIK
42,3C,3G,3J,3D,3H,3F,3E,3K,ABIL
43,3C,3G,3E,3D,3H,3F,3L,3I,ABJK
44,3C,3G,3E,3D,3H,3F,3I,3K,ABJL
45,3C,3G,3J,3D,3H,3F,3E,3I,ABKL
46,3H,3J,3B,3F,3I,3G,3L,3K,ACDE
47,3E,3J,3I,3B,3H,3G,3L,3K,ACDF
48,3E,3J,3B,3F,3I,3H,3L,3K,ACDG
49,3E,3J,3B,3F,3I,3G,3L,3K,ACDH
50,3E,3J,3B,3F,3H,3G,3L,3K,ACDI
51,3E,3G,3B,3F,3I,3H,3L,3K,ACDJ
52,3E,3J,3B,3F,3H,3G,3L,3I,ACDK
53,3E,3J,3B,3F,3H,3G,3I,3K,ACDL
54,3H,3J,3B,3D,3I,3G,3L,3K,ACEF
55,3H,3J,3B,3D,3I,3F,3L,3K,ACEG
56,3I,3G,3B,3D,3J,3F,3L,3K,ACEH
57,3H,3G,3B,3D,3J,3F,3L,3K,ACEI
58,3H,3G,3B,3D,3I,3F,3L,3K,ACEJ
59,3H,3G,3B,3D,3J,3F,3L,3I,ACEK
60,3H,3G,3B,3D,3J,3F,3I,3K,ACEL
61,3E,3J,3B,3D,3I,3H,3L,3K,ACFG
62,3E,3J,3B,3D,3I,3G,3L,3K,ACFH
63,3E,3J,3B,3D,3H,3G,3L,3K,ACFI
64,3E,3G,3B,3D,3I,3H,3L,3K,ACFJ
65,3E,3J,3B,3D,3H,3G,3L,3I,ACFK
66,3E,3J,3B,3D,3H,3G,3I,3K,ACFL
67,3E,3J,3B,3D,3I,3F,3L,3K,ACGH
68,3E,3J,3B,3D,3H,3F,3L,3K,ACGI
69,3E,3I,3B,3D,3H,3F,3L,3K,ACGJ
70,3E,3J,3B,3D,3H,3F,3L,3I,ACGK
71,3E,3J,3B,3D,3H,3F,3I,3K,ACGL
72,3E,3G,3B,3D,3J,3F,3L,3K,ACHI
73,3E,3G,3B,3D,3I,3F,3L,3K,ACHJ
74,3E,3G,3B,3D,3J,3F,3L,3I,ACHK
75,3E,3G,3B,3D,3J,3F,3I,3K,ACHL
76,3E,3G,3B,3D,3H,3F,3L,3K,ACIJ
77,3H,3G,3B,3D,3J,3F,3L,3E,ACIK
78,3H,3G,3B,3D,3J,3F,3E,3K,ACIL
79,3E,3G,3B,3D,3H,3F,3L,3I,ACJK
80,3E,3G,3B,3D,3H,3F,3I,3K,ACJL
81,3H,3G,3B,3D,3J,3F,3E,3I,ACKL
82,3H,3J,3B,3C,3I,3G,3L,3K,ADEF
83,3H,3J,3B,3C,3I,3F,3L,3K,ADEG
84,3I,3G,3B,3C,3J,3F,3L,3K,ADEH
85,3H,3G,3B,3C,3J,3F,3L,3K,ADEI
86,3H,3G,3B,3C,3I,3F,3L,3K,ADEJ
87,3H,3G,3B,3C,3J,3F,3L,3I,ADEK
88,3H,3G,3B,3C,3J,3F,3I,3K,ADEL
89,3E,3J,3B,3C,3I,3H,3L,3K,ADFG
90,3E,3J,3B,3C,3I,3G,3L,3K,ADFH
91,3E,3J,3B,3C,3H,3G,3L,3K,ADFI
92,3E,3G,3B,3C,3I,3H,3L,3K,ADFJ
93,3E,3J,3B,3C,3H,3G,3L,3I,ADFK
94,3E,3J,3B,3C,3H,3G,3I,3K,ADFL
95,3E,3J,3B,3C,3I,3F,3L,3K,ADGH
96,3E,3J,3B,3C,3H,3F,3L,3K,ADGI
97,3E,3I,3B,3C,3H,3F,3L,3K,ADGJ
98,3E,3J,3B,3C,3H,3F,3L,3I,ADGK
99,3E,3J,3B,3C,3H,3F,3I,3K,ADGL
100,3E,3G,3B,3C,3J,3F,3L,3K,ADHI
101,3E,3G,3B,3C,3I,3F,3L,3K,ADHJ
102,3E,3G,3B,3C,3J,3F,3L,3I,ADHK
103,3E,3G,3B,3C,3J,3F,3I,3K,ADHL
104,3E,3G,3B,3C,3H,3F,3L,3K,ADIJ
105,3H,3G,3B,3C,3J,3F,3L,3E,ADIK
106,3H,3G,3B,3C,3J,3F,3E,3K,ADIL
107,3E,3G,3B,3C,3H,3F,3L,3I,ADJK
108,3E,3G,3B,3C,3H,3F,3I,3K,ADJL
109,3H,3G,3B,3C,3J,3F,3E,3I,ADKL
110,3H,3J,3B,3C,3I,3D,3L,3K,AEFG
111,3I,3G,3B,3C,3J,3D,3L,3K,AEFH
112,3H,3G,3B,3C,3J,3D,3L,3K,AEFI
113,3H,3G,3B,3C,3I,3D,3L,3K,AEFJ
114,3H,3G,3B,3C,3J,3D,3L,3I,AEFK
115,3H,3G,3B,3C,3J,3D,3I,3K,AEFL
116,3C,3J,3B,3D,3I,3F,3L,3K,AEGH
117,3C,3J,3B,3D,3H,3F,3L,3K,AEGI
118,3C,3I,3B,3D,3H,3F,3L,3K,AEGJ
119,3C,3J,3B,3D,3H,3F,3L,3I,AEGK
120,3C,3J,3B,3D,3H,3F,3I,3K,AEGL
121,3C,3G,3B,3D,3J,3F,3L,3K,AEHI
122,3C,3G,3B,3D,3I,3F,3L,3K,AEHJ
123,3C,3G,3B,3D,3J,3F,3L,3I,AEHK
124,3C,3G,3B,3D,3J,3F,3I,3K,AEHL
125,3C,3G,3B,3D,3H,3F,3L,3K,AEIJ
126,3C,3G,3B,3D,3H,3F,3L,3J,AEIK
127,3H,3G,3B,3C,3J,3F,3D,3K,AEIL
128,3C,3G,3B,3D,3H,3F,3L,3I,AEJK
129,3C,3G,3B,3D,3H,3F,3I,3K,AEJL
130,3H,3G,3B,3C,3J,3F,3D,3I,AEKL
131,3E,3J,3B,3C,3I,3D,3L,3K,AFGH
132,3E,3J,3B,3C,3H,3D,3L,3K,AFGI
133,3E,3I,3B,3C,3H,3D,3L,3K,AFGJ
134,3E,3J,3B,3C,3H,3D,3L,3I,AFGK
135,3E,3J,3B,3C,3H,3D,3I,3K,AFGL
136,3E,3G,3B,3C,3J,3D,3L,3K,AFHI
137,3E,3G,3B,3C,3I,3D,3L,3K,AFHJ
138,3E,3G,3B,3C,3J,3D,3L,3I,AFHK
139,3E,3G,3B,3C,3J,3D,3I,3K,AFHL
140,3E,3G,3B,3C,3H,3D,3L,3K,AFIJ
141,3H,3G,3B,3C,3J,3D,3L,3E,AFIK
142,3H,3G,3B,3C,3J,3D,3E,3K,AFIL
143,3E,3G,3B,3C,3H,3D,3L,3I,AFJK
144,3E,3G,3B,3C,3H,3D,3I,3K,AFJL
145,3H,3G,3B,3C,3J,3D,3E,3I,AFKL
146,3C,3J,3B,3D,3E,3F,3L,3K,AGHI
147,3C,3E,3B,3D,3I,3F,3L,3K,AGHJ
148,3C,3J,3B,3D,3E,3F,3L,3I,AGHK
149,3C,3J,3B,3D,3E,3F,3I,3K,AGHL
150,3C,3E,3B,3D,3H,3F,3L,3K,AGIJ
151,3C,3J,3B,3D,3H,3F,3L,3E,AGIK
152,3C,3J,3B,3D,3H,3F,3E,3K,AGIL
153,3C,3E,3B,3D,3H,3F,3L,3I,AGJK
154,3C,3E,3B,3D,3H,3F,3I,3K,AGJL
155,3C,3J,3B,3D,3H,3F,3E,3I,AGKL
156,3C,3G,3B,3D,3E,3F,3L,3K,AHIJ
157,3C,3G,3B,3D,3J,3F,3L,3E,AHIK
158,3C,3G,3B,3D,3J,3F,3E,3K,AHIL
159,3C,3G,3B,3D,3E,3F,3L,3I,AHJK
160,3C,3G,3B,3D,3E,3F,3I,3K,AHJL
161,3C,3G,3B,3D,3J,3F,3E,3I,AHKL
162,3C,3G,3B,3D,3H,3F,3L,3E,AIJK
163,3C,3G,3B,3D,3H,3F,3E,3K,AIJL
164,3H,3G,3B,3C,3J,3F,3D,3E,AIKL
165,3C,3G,3B,3D,3H,3F,3E,3I,AJKL
166,3H,3J,3I,3F,3A,3G,3L,3K,BCDE
167,3E,3J,3I,3A,3H,3G,3L,3K,BCDF
168,3E,3J,3I,3F,3A,3H,3L,3K,BCDG
169,3E,3J,3I,3F,3A,3G,3L,3K,BCDH
170,3E,3G,3J,3F,3A,3H,3L,3K,BCDI
171,3E,3G,3I,3F,3A,3H,3L,3K,BCDJ
172,3E,3G,3J,3F,3A,3H,3L,3I,BCDK
173,3E,3G,3J,3F,3A,3H,3I,3K,BCDL
174,3H,3J,3I,3D,3A,3G,3L,3K,BCEF
175,3H,3J,3I,3D,3A,3F,3L,3K,BCEG
176,3I,3G,3J,3D,3A,3F,3L,3K,BCEH
177,3H,3G,3J,3D,3A,3F,3L,3K,BCEI
178,3H,3G,3I,3D,3A,3F,3L,3K,BCEJ
179,3H,3G,3J,3D,3A,3F,3L,3I,BCEK
180,3H,3G,3J,3D,3A,3F,3I,3K,BCEL
181,3E,3J,3I,3D,3A,3H,3L,3K,BCFG
182,3E,3J,3I,3D,3A,3G,3L,3K,BCFH
183,3E,3G,3J,3D,3A,3H,3L,3K,BCFI
184,3E,3G,3I,3D,3A,3H,3L,3K,BCFJ
185,3E,3G,3J,3D,3A,3H,3L,3I,BCFK
186,3E,3G,3J,3D,3A,3H,3I,3K,BCFL
187,3E,3J,3I,3D,3A,3F,3L,3K,BCGH
188,3H,3J,3E,3D,3A,3F,3L,3K,BCGI
189,3H,3E,3I,3D,3A,3F,3L,3K,BCGJ
190,3H,3J,3E,3D,3A,3F,3L,3I,BCGK
191,3H,3J,3E,3D,3A,3F,3I,3K,BCGL
192,3E,3G,3J,3D,3A,3F,3L,3K,BCHI
193,3E,3G,3I,3D,3A,3F,3L,3K,BCHJ
194,3E,3G,3J,3D,3A,3F,3L,3I,BCHK
195,3E,3G,3J,3D,3A,3F,3I,3K,BCHL
196,3H,3G,3E,3D,3A,3F,3L,3K,BCIJ
197,3H,3G,3J,3D,3A,3F,3L,3E,BCIK
198,3H,3G,3J,3D,3A,3F,3E,3K,BCIL
199,3H,3G,3E,3D,3A,3F,3L,3I,BCJK
200,3H,3G,3E,3D,3A,3F,3I,3K,BCJL
201,3H,3G,3J,3D,3A,3F,3E,3I,BCKL
202,3H,3J,3I,3C,3A,3G,3L,3K,BDEF
203,3H,3J,3I,3C,3A,3F,3L,3K,BDEG
204,3I,3G,3J,3C,3A,3F,3L,3K,BDEH
205,3H,3G,3J,3C,3A,3F,3L,3K,BDEI
206,3H,3G,3I,3C,3A,3F,3L,3K,BDEJ
207,3H,3G,3J,3C,3A,3F,3L,3I,BDEK
208,3H,3G,3J,3C,3A,3F,3I,3K,BDEL
209,3E,3J,3I,3C,3A,3H,3L,3K,BDFG
210,3E,3J,3I,3C,3A,3G,3L,3K,BDFH
211,3E,3G,3J,3C,3A,3H,3L,3K,BDFI
212,3E,3G,3I,3C,3A,3H,3L,3K,BDFJ
213,3E,3G,3J,3C,3A,3H,3L,3I,BDFK
214,3E,3G,3J,3C,3A,3H,3I,3K,BDFL
215,3E,3J,3I,3C,3A,3F,3L,3K,BDGH
216,3H,3J,3E,3C,3A,3F,3L,3K,BDGI
217,3H,3E,3I,3C,3A,3F,3L,3K,BDGJ
218,3H,3J,3E,3C,3A,3F,3L,3I,BDGK
219,3H,3J,3E,3C,3A,3F,3I,3K,BDGL
220,3E,3G,3J,3C,3A,3F,3L,3K,BDHI
221,3E,3G,3I,3C,3A,3F,3L,3K,BDHJ
222,3E,3G,3J,3C,3A,3F,3L,3I,BDHK
223,3E,3G,3J,3C,3A,3F,3I,3K,BDHL
224,3H,3G,3E,3C,3A,3F,3L,3K,BDIJ
225,3H,3G,3J,3C,3A,3F,3L,3E,BDIK
226,3H,3G,3J,3C,3A,3F,3E,3K,BDIL
227,3H,3G,3E,3C,3A,3F,3L,3I,BDJK
228,3H,3G,3E,3C,3A,3F,3I,3K,BDJL
229,3H,3G,3J,3C,3A,3F,3E,3I,BDKL
230,3H,3J,3I,3C,3A,3D,3L,3K,BEFG
231,3I,3G,3J,3C,3A,3D,3L,3K,BEFH
232,3H,3G,3J,3C,3A,3D,3L,3K,BEFI
233,3H,3G,3I,3C,3A,3D,3L,3K,BEFJ
234,3H,3G,3J,3C,3A,3D,3L,3I,BEFK
235,3H,3G,3J,3C,3A,3D,3I,3K,BEFL
236,3C,3J,3I,3D,3A,3F,3L,3K,BEGH
237,3H,3J,3F,3C,3A,3D,3L,3K,BEGI
238,3H,3F,3I,3C,3A,3D,3L,3K,BEGJ
239,3H,3J,3F,3C,3A,3D,3L,3I,BEGK
240,3H,3J,3F,3C,3A,3D,3I,3K,BEGL
241,3C,3G,3J,3D,3A,3F,3L,3K,BEHI
242,3C,3G,3I,3D,3A,3F,3L,3K,BEHJ
243,3C,3G,3J,3D,3A,3F,3L,3I,BEHK
244,3C,3G,3J,3D,3A,3F,3I,3K,BEHL
245,3H,3G,3F,3C,3A,3D,3L,3K,BEIJ
246,3C,3G,3J,3D,3A,3F,3L,3H,BEIK
247,3H,3G,3J,3C,3A,3F,3D,3K,BEIL
248,3H,3G,3F,3C,3A,3D,3L,3I,BEJK
249,3H,3G,3F,3C,3A,3D,3I,3K,BEJL
250,3H,3G,3J,3C,3A,3F,3D,3I,BEKL
251,3E,3J,3I,3C,3A,3D,3L,3K,BFGH
252,3H,3J,3E,3C,3A,3D,3L,3K,BFGI
253,3H,3E,3I,3C,3A,3D,3L,3K,BFGJ
254,3H,3J,3E,3C,3A,3D,3L,3I,BFGK
255,3H,3J,3E,3C,3A,3D,3I,3K,BFGL
256,3E,3G,3J,3C,3A,3D,3L,3K,BFHI
257,3E,3G,3I,3C,3A,3D,3L,3K,BFHJ
258,3E,3G,3J,3C,3A,3D,3L,3I,BFHK
259,3E,3G,3J,3C,3A,3D,3I,3K,BFHL
260,3H,3G,3E,3C,3A,3D,3L,3K,BFIJ
261,3H,3G,3J,3C,3A,3D,3L,3E,BFIK
262,3H,3G,3J,3C,3A,3D,3E,3K,BFIL
263,3H,3G,3E,3C,3A,3D,3L,3I,BFJK
264,3H,3G,3E,3C,3A,3D,3I,3K,BFJL
265,3H,3G,3J,3C,3A,3D,3E,3I,BFKL
266,3C,3J,3E,3D,3A,3F,3L,3K,BGHI
267,3C,3E,3I,3D,3A,3F,3L,3K,BGHJ
268,3C,3J,3E,3D,3A,3F,3L,3I,BGHK
269,3C,3J,3E,3D,3A,3F,3I,3K,BGHL
270,3H,3E,3F,3C,3A,3D,3L,3K,BGIJ
271,3H,3J,3F,3C,3A,3D,3L,3E,BGIK
272,3H,3J,3E,3C,3A,3F,3D,3K,BGIL
273,3H,3E,3F,3C,3A,3D,3L,3I,BGJK
274,3H,3E,3F,3C,3A,3D,3I,3K,BGJL
275,3H,3J,3E,3C,3A,3F,3D,3I,BGKL
276,3C,3G,3E,3D,3A,3F,3L,3K,BHIJ
277,3C,3G,3J,3D,3A,3F,3L,3E,BHIK
278,3C,3G,3J,3D,3A,3F,3E,3K,BHIL
279,3C,3G,3E,3D,3A,3F,3L,3I,BHJK
280,3C,3G,3E,3D,3A,3F,3I,3K,BHJL
281,3C,3G,3J,3D,3A,3F,3E,3I,BHKL
282,3H,3G,3F,3C,3A,3D,3L,3E,BIJK
283,3H,3G,3E,3C,3A,3F,3D,3K,BIJL
284,3H,3G,3J,3C,3A,3F,3D,3E,BIKL
285,3H,3G,3E,3C,3A,3F,3D,3I,BJKL
286,3H,3J,3B,3A,3I,3G,3L,3K,CDEF
287,3H,3J,3B,3A,3I,3F,3L,3K,CDEG
288,3I,3J,3B,3F,3A,3G,3L,3K,CDEH
289,3H,3J,3B,3F,3A,3G,3L,3K,CDEI
290,3H,3G,3B,3A,3I,3F,3L,3K,CDEJ
291,3H,3J,3B,3F,3A,3G,3L,3I,CDEK
292,3H,3J,3B,3F,3A,3G,3I,3K,CDEL
293,3E,3J,3B,3A,3I,3H,3L,3K,CDFG
294,3E,3J,3B,3A,3I,3G,3L,3K,CDFH
295,3E,3J,3B,3A,3H,3G,3L,3K,CDFI
296,3E,3G,3B,3A,3I,3H,3L,3K,CDFJ
297,3E,3J,3B,3A,3H,3G,3L,3I,CDFK
298,3E,3J,3B,3A,3H,3G,3I,3K,CDFL
299,3E,3J,3B,3A,3I,3F,3L,3K,CDGH
300,3E,3J,3B,3F,3A,3H,3L,3K,CDGI
301,3E,3I,3B,3F,3A,3H,3L,3K,CDGJ
302,3E,3J,3B,3F,3A,3H,3L,3I,CDGK
303,3E,3J,3B,3F,3A,3H,3I,3K,CDGL
304,3E,3J,3B,3F,3A,3G,3L,3K,CDHI
305,3E,3G,3B,3A,3I,3F,3L,3K,CDHJ
306,3E,3J,3B,3F,3A,3G,3L,3I,CDHK
307,3E,3J,3B,3F,3A,3G,3I,3K,CDHL
308,3E,3G,3B,3F,3A,3H,3L,3K,CDIJ
309,3H,3J,3B,3F,3A,3G,3L,3E,CDIK
310,3H,3J,3B,3F,3A,3G,3E,3K,CDIL
311,3E,3G,3B,3F,3A,3H,3L,3I,CDJK
312,3E,3G,3B,3F,3A,3H,3I,3K,CDJL
313,3H,3J,3B,3F,3A,3G,3E,3I,CDKL
314,3I,3J,3B,3D,3A,3H,3L,3K,CEFG
315,3I,3J,3B,3D,3A,3G,3L,3K,CEFH
316,3H,3J,3B,3D,3A,3G,3L,3K,CEFI
317,3I,3G,3B,3D,3A,3H,3L,3K,CEFJ
318,3H,3J,3B,3D,3A,3G,3L,3I,CEFK
319,3H,3J,3B,3D,3A,3G,3I,3K,CEFL
320,3I,3J,3B,3D,3A,3F,3L,3K,CEGH
321,3H,3J,3B,3D,3A,3F,3L,3K,CEGI
322,3H,3I,3B,3D,3A,3F,3L,3K,CEGJ
323,3H,3J,3B,3D,3A,3F,3L,3I,CEGK
324,3H,3J,3B,3D,3A,3F,3I,3K,CEGL
325,3F,3J,3B,3D,3A,3G,3L,3K,CEHI
326,3I,3G,3B,3D,3A,3F,3L,3K,CEHJ
327,3F,3J,3B,3D,3A,3G,3L,3I,CEHK
328,3F,3J,3B,3D,3A,3G,3I,3K,CEHL
329,3H,3G,3B,3D,3A,3F,3L,3K,CEIJ
330,3H,3G,3B,3D,3A,3F,3L,3J,CEIK
331,3H,3G,3B,3D,3A,3F,3J,3K,CEIL
332,3H,3G,3B,3D,3A,3F,3L,3I,CEJK
333,3H,3G,3B,3D,3A,3F,3I,3K,CEJL
334,3H,3G,3B,3D,3A,3F,3I,3J,CEKL
335,3E,3J,3B,3A,3I,3D,3L,3K,CFGH
336,3E,3J,3B,3D,3A,3H,3L,3K,CFGI
337,3E,3I,3B,3D,3A,3H,3L,3K,CFGJ
338,3E,3J,3B,3D,3A,3H,3L,3I,CFGK
339,3E,3J,3B,3D,3A,3H,3I,3K,CFGL
340,3E,3J,3B,3D,3A,3G,3L,3K,CFHI
341,3E,3G,3B,3A,3I,3D,3L,3K,CFHJ
342,3E,3J,3B,3D,3A,3G,3L,3I,CFHK
343,3E,3J,3B,3D,3A,3G,3I,3K,CFHL
344,3E,3G,3B,3D,3A,3H,3L,3K,CFIJ
345,3H,3J,3B,3D,3A,3G,3L,3E,CFIK
346,3H,3J,3B,3D,3A,3G,3E,3K,CFIL
347,3E,3G,3B,3D,3A,3H,3L,3I,CFJK
348,3E,3G,3B,3D,3A,3H,3I,3K,CFJL
349,3H,3J,3B,3D,3A,3G,3E,3I,CFKL
350,3E,3J,3B,3D,3A,3F,3L,3K,CGHI
351,3E,3I,3B,3D,3A,3F,3L,3K,CGHJ
352,3E,3J,3B,3D,3A,3F,3L,3I,CGHK
353,3E,3J,3B,3D,3A,3F,3I,3K,CGHL
354,3H,3E,3B,3D,3A,3F,3L,3K,CGIJ
355,3H,3J,3B,3D,3A,3F,3L,3E,CGIK
356,3H,3J,3B,3D,3A,3F,3E,3K,CGIL
357,3H,3E,3B,3D,3A,3F,3L,3I,CGJK
358,3H,3E,3B,3D,3A,3F,3I,3K,CGJL
359,3H,3J,3B,3D,3A,3F,3E,3I,CGKL
360,3E,3G,3B,3D,3A,3F,3L,3K,CHIJ
361,3E,3G,3B,3D,3A,3F,3L,3J,CHIK
362,3E,3G,3B,3D,3A,3F,3J,3K,CHIL
363,3E,3G,3B,3D,3A,3F,3L,3I,CHJK
364,3E,3G,3B,3D,3A,3F,3I,3K,CHJL
365,3E,3G,3B,3D,3A,3F,3I,3J,CHKL
366,3H,3G,3B,3D,3A,3F,3L,3E,CIJK
367,3H,3G,3B,3D,3A,3F,3E,3K,CIJL
368,3H,3G,3B,3D,3A,3F,3E,3J,CIKL
369,3H,3G,3B,3D,3A,3F,3E,3I,CJKL
370,3I,3J,3B,3C,3A,3H,3L,3K,DEFG
371,3I,3J,3B,3C,3A,3G,3L,3K,DEFH
372,3H,3J,3B,3C,3A,3G,3L,3K,DEFI
373,3I,3G,3B,3C,3A,3H,3L,3K,DEFJ
374,3H,3J,3B,3C,3A,3G,3L,3I,DEFK
375,3H,3J,3B,3C,3A,3G,3I,3K,DEFL
376,3I,3J,3B,3C,3A,3F,3L,3K,DEGH
377,3H,3J,3B,3C,3A,3F,3L,3K,DEGI
378,3H,3I,3B,3C,3A,3F,3L,3K,DEGJ
379,3H,3J,3B,3C,3A,3F,3L,3I,DEGK
380,3H,3J,3B,3C,3A,3F,3I,3K,DEGL
381,3C,3J,3B,3F,3A,3G,3L,3K,DEHI
382,3I,3G,3B,3C,3A,3F,3L,3K,DEHJ
383,3C,3J,3B,3F,3A,3G,3L,3I,DEHK
384,3C,3J,3B,3F,3A,3G,3I,3K,DEHL
385,3H,3G,3B,3C,3A,3F,3L,3K,DEIJ
386,3H,3G,3B,3C,3A,3F,3L,3J,DEIK
387,3H,3G,3B,3C,3A,3F,3J,3K,DEIL
388,3H,3G,3B,3C,3A,3F,3L,3I,DEJK
389,3H,3G,3B,3C,3A,3F,3I,3K,DEJL
390,3H,3G,3B,3C,3A,3F,3I,3J,DEKL
391,3E,3J,3B,3A,3I,3C,3L,3K,DFGH
392,3E,3J,3B,3C,3A,3H,3L,3K,DFGI
393,3E,3I,3B,3C,3A,3H,3L,3K,DFGJ
394,3E,3J,3B,3C,3A,3H,3L,3I,DFGK
395,3E,3J,3B,3C,3A,3H,3I,3K,DFGL
396,3E,3J,3B,3C,3A,3G,3L,3K,DFHI
397,3E,3G,3B,3A,3I,3C,3L,3K,DFHJ
398,3E,3J,3B,3C,3A,3G,3L,3I,DFHK
399,3E,3J,3B,3C,3A,3G,3I,3K,DFHL
400,3E,3G,3B,3C,3A,3H,3L,3K,DFIJ
401,3H,3J,3B,3C,3A,3G,3L,3E,DFIK
402,3H,3J,3B,3C,3A,3G,3E,3K,DFIL
403,3E,3G,3B,3C,3A,3H,3L,3I,DFJK
404,3E,3G,3B,3C,3A,3H,3I,3K,DFJL
405,3H,3J,3B,3C,3A,3G,3E,3I,DFKL
406,3E,3J,3B,3C,3A,3F,3L,3K,DGHI
407,3E,3I,3B,3C,3A,3F,3L,3K,DGHJ
408,3E,3J,3B,3C,3A,3F,3L,3I,DGHK
409,3E,3J,3B,3C,3A,3F,3I,3K,DGHL
410,3H,3E,3B,3C,3A,3F,3L,3K,DGIJ
411,3H,3J,3B,3C,3A,3F,3L,3E,DGIK
412,3H,3J,3B,3C,3A,3F,3E,3K,DGIL
413,3H,3E,3B,3C,3A,3F,3L,3I,DGJK
414,3H,3E,3B,3C,3A,3F,3I,3K,DGJL
415,3H,3J,3B,3C,3A,3F,3E,3I,DGKL
416,3E,3G,3B,3C,3A,3F,3L,3K,DHIJ
417,3E,3G,3B,3C,3A,3F,3L,3J,DHIK
418,3E,3G,3B,3C,3A,3F,3J,3K,DHIL
419,3E,3G,3B,3C,3A,3F,3L,3I,DHJK
420,3E,3G,3B,3C,3A,3F,3I,3K,DHJL
421,3E,3G,3B,3C,3A,3F,3I,3J,DHKL
422,3H,3G,3B,3C,3A,3F,3L,3E,DIJK
423,3H,3G,3B,3C,3A,3F,3E,3K,DIJL
424,3H,3G,3B,3C,3A,3F,3E,3J,DIKL
425,3H,3G,3B,3C,3A,3F,3E,3I,DJKL
426,3I,3J,3B,3C,3A,3D,3L,3K,EFGH
427,3H,3J,3B,3C,3A,3D,3L,3K,EFGI
428,3H,3I,3B,3C,3A,3D,3L,3K,EFGJ
429,3H,3J,3B,3C,3A,3D,3L,3I,EFGK
430,3H,3J,3B,3C,3A,3D,3I,3K,EFGL
431,3C,3J,3B,3D,3A,3G,3L,3K,EFHI
432,3I,3G,3B,3C,3A,3D,3L,3K,EFHJ
433,3C,3J,3B,3D,3A,3G,3L,3I,EFHK
434,3C,3J,3B,3D,3A,3G,3I,3K,EFHL
435,3H,3G,3B,3C,3A,3D,3L,3K,EFIJ
436,3H,3G,3B,3C,3A,3D,3L,3J,EFIK
437,3H,3G,3B,3C,3A,3D,3J,3K,EFIL
438,3H,3G,3B,3C,3A,3D,3L,3I,EFJK
439,3H,3G,3B,3C,3A,3D,3I,3K,EFJL
440,3H,3G,3B,3C,3A,3D,3I,3J,EFKL
441,3C,3J,3B,3D,3A,3F,3L,3K,EGHI
442,3C,3I,3B,3D,3A,3F,3L,3K,EGHJ
443,3C,3J,3B,3D,3A,3F,3L,3I,EGHK
444,3C,3J,3B,3D,3A,3F,3I,3K,EGHL
445,3H,3F,3B,3C,3A,3D,3L,3K,EGIJ
446,3C,3J,3B,3D,3A,3F,3L,3H,EGIK
447,3H,3J,3B,3C,3A,3F,3D,3K,EGIL
448,3H,3F,3B,3C,3A,3D,3L,3I,EGJK
449,3H,3F,3B,3C,3A,3D,3I,3K,EGJL
450,3H,3J,3B,3C,3A,3F,3D,3I,EGKL
451,3C,3G,3B,3D,3A,3F,3L,3K,EHIJ
452,3C,3G,3B,3D,3A,3F,3L,3J,EHIK
453,3C,3G,3B,3D,3A,3F,3J,3K,EHIL
454,3C,3G,3B,3D,3A,3F,3L,3I,EHJK
455,3C,3G,3B,3D,3A,3F,3I,3K,EHJL
456,3C,3G,3B,3D,3A,3F,3I,3J,EHKL
457,3C,3G,3B,3D,3A,3F,3L,3H,EIJK
458,3H,3G,3B,3C,3A,3F,3D,3K,EIJL
459,3H,3G,3B,3C,3A,3F,3D,3J,EIKL
460,3H,3G,3B,3C,3A,3F,3D,3I,EJKL
461,3E,3J,3B,3C,3A,3D,3L,3K,FGHI
462,3E,3I,3B,3C,3A,3D,3L,3K,FGHJ
463,3E,3J,3B,3C,3A,3D,3L,3I,FGHK
464,3E,3J,3B,3C,3A,3D,3I,3K,FGHL
465,3H,3E,3B,3C,3A,3D,3L,3K,FGIJ
466,3H,3J,3B,3C,3A,3D,3L,3E,FGIK
467,3H,3J,3B,3C,3A,3D,3E,3K,FGIL
468,3H,3E,3B,3C,3A,3D,3L,3I,FGJK
469,3H,3E,3B,3C,3A,3D,3I,3K,FGJL
470,3H,3J,3B,3C,3A,3D,3E,3I,FGKL
471,3E,3G,3B,3C,3A,3D,3L,3K,FHIJ
472,3E,3G,3B,3C,3A,3D,3L,3J,FHIK
473,3E,3G,3B,3C,3A,3D,3J,3K,FHIL
474,3E,3G,3B,3C,3A,3D,3L,3I,FHJK
475,3E,3G,3B,3C,3A,3D,3I,3K,FHJL
476,3E,3G,3B,3C,3A,3D,3I,3J,FHKL
477,3H,3G,3B,3C,3A,3D,3L,3E,FIJK
478,3H,3G,3B,3C,3A,3D,3E,3K,FIJL
479,3H,3G,3B,3C,3A,3D,3E,3J,FIKL
480,3H,3G,3B,3C,3A,3D,3E,3I,FJKL
481,3C,3E,3B,3D,3A,3F,3L,3K,GHIJ
482,3C,3J,3B,3D,3A,3F,3L,3E,GHIK
483,3C,3J,3B,3D,3A,3F,3E,3K,GHIL
484,3C,3E,3B,3D,3A,3F,3L,3I,GHJK
485,3C,3E,3B,3D,3A,3F,3I,3K,GHJL
486,3C,3J,3B,3D,3A,3F,3E,3I,GHKL
487,3H,3F,3B,3C,3A,3D,3L,3E,GIJK
488,3H,3E,3B,3C,3A,3F,3D,3K,GIJL
489,3H,3J,3B,3C,3A,3F,3D,3E,GIKL
490,3H,3E,3B,3C,3A,3F,3D,3I,GJKL
491,3C,3G,3B,3D,3A,3F,3L,3E,HIJK
492,3C,3G,3B,3D,3A,3F,3E,3K,HIJL
493,3C,3G,3B,3D,3A,3F,3E,3J,HIKL
494,3C,3G,3B,3D,3A,3F,3E,3I,HJKL
495,3H,3G,3B,3C,3A,3F,3D,3E,IJKL